"GivenName","Surname","Username","UPN","OU","Password","Created","Status"
"Kjersti","Drageide","kjdra","Kjersti.Drageide@drageide.com","OU=brukere,OU=users,OU=drageideou,DC=drageide,DC=com","96""/","2/3/2026 1:43:44 AM","FAILED: Cannot validate argument on parameter 'OtherAttributes'. The argument is null, empty, or an element of the argument collection contains a null value. Supply a collection that does not contain any null values and then try the command again."
"Eskil","Drageide","esdra","Eskil.Drageide@drageide.com","OU=brukere,OU=users,OU=drageideou,DC=drageide,DC=com","98%""","2/3/2026 1:43:44 AM","FAILED: Cannot validate argument on parameter 'OtherAttributes'. The argument is null, empty, or an element of the argument collection contains a null value. Supply a collection that does not contain any null values and then try the command again."
"Ragna","Drageide","radra","Ragna.Drageide@drageide.com","OU=brukere,OU=users,OU=drageideou,DC=drageide,DC=com","49?]","2/3/2026 1:43:44 AM","FAILED: Cannot validate argument on parameter 'OtherAttributes'. The argument is null, empty, or an element of the argument collection contains a null value. Supply a collection that does not contain any null values and then try the command again."
"Keneth","Drageide","kedra","Keneth.Drageide@drageide.com","OU=brukere,OU=users,OU=drageideou,DC=drageide,DC=com","91|:","2/3/2026 1:43:44 AM","FAILED: Cannot validate argument on parameter 'OtherAttributes'. The argument is null, empty, or an element of the argument collection contains a null value. Supply a collection that does not contain any null values and then try the command again."
"Luna","Drageide","ludra","Luna.Drageide@drageide.com","OU=brukere,OU=users,OU=drageideou,DC=drageide,DC=com","14!:","2/3/2026 1:43:44 AM","FAILED: Cannot validate argument on parameter 'OtherAttributes'. The argument is null, empty, or an element of the argument collection contains a null value. Supply a collection that does not contain any null values and then try the command again."
"brynjar","drageide","brdra","brynjar.drageide@drageide.com","OU=it,OU=users,OU=drageideou,DC=drageide,DC=com","20=?","2/3/2026 1:43:45 AM","FAILED: The password does not meet the length, complexity, or history requirement of the domain."
"vidar","drageide","vidra","vidar.drageide@drageide.com","OU=it,OU=users,OU=drageideou,DC=drageide,DC=com","53{~","2/3/2026 1:43:45 AM","FAILED: Cannot validate argument on parameter 'OtherAttributes'. The argument is null, empty, or an element of the argument collection contains a null value. Supply a collection that does not contain any null values and then try the command again."
"Ola","Hansen","olhan","Ola.Hansen@drageide.com","OU=brukere,OU=users,OU=drageideou,DC=drageide,DC=com","76=;","2/3/2026 1:43:45 AM","FAILED: The password does not meet the length, complexity, or history requirement of the domain."
"Kari","Johansen","kajoh","Kari.Johansen@drageide.com","OU=brukere,OU=users,OU=drageideou,DC=drageide,DC=com","13<#","2/3/2026 1:43:45 AM","FAILED: The password does not meet the length, complexity, or history requirement of the domain."
"Nils","Olsen","niols","Nils.Olsen@drageide.com","OU=brukere,OU=users,OU=drageideou,DC=drageide,DC=com","56,>","2/3/2026 1:43:45 AM","FAILED: The password does not meet the length, complexity, or history requirement of the domain."
"Ingrid","Larsen","inlar","Ingrid.Larsen@drageide.com","OU=brukere,OU=users,OU=drageideou,DC=drageide,DC=com","81#{","2/3/2026 1:43:45 AM","FAILED: The password does not meet the length, complexity, or history requirement of the domain."
"Hans","Andersen","haand","Hans.Andersen@drageide.com","OU=brukere,OU=users,OU=drageideou,DC=drageide,DC=com","45>\","2/3/2026 1:43:45 AM","FAILED: The password does not meet the length, complexity, or history requirement of the domain."
"Liv","Pedersen","liped","Liv.Pedersen@drageide.com","OU=it,OU=users,OU=drageideou,DC=drageide,DC=com","86"",","2/3/2026 1:43:45 AM","FAILED: The password does not meet the length, complexity, or history requirement of the domain."
"Sindre","Nilsen","sinil","Sindre.Nilsen@drageide.com","OU=brukere,OU=users,OU=drageideou,DC=drageide,DC=com","98[~","2/3/2026 1:43:45 AM","FAILED: The password does not meet the length, complexity, or history requirement of the domain."
"Sigrid","Kristiansen","sikri","Sigrid.Kristiansen@drageide.com","OU=brukere,OU=users,OU=drageideou,DC=drageide,DC=com","96$[","2/3/2026 1:43:45 AM","FAILED: The password does not meet the length, complexity, or history requirement of the domain."
"Per","Jensen","pejen","Per.Jensen@drageide.com","OU=brukere,OU=users,OU=drageideou,DC=drageide,DC=com","97~>","2/3/2026 1:43:45 AM","FAILED: The password does not meet the length, complexity, or history requirement of the domain."
"Eirik","Karlsen","eikar","Eirik.Karlsen@drageide.com","OU=brukere,OU=users,OU=drageideou,DC=drageide,DC=com","47$`","2/3/2026 1:43:45 AM","FAILED: The password does not meet the length, complexity, or history requirement of the domain."
"Marius","Haugen","mahau","Marius.Haugen@drageide.com","OU=brukere,OU=users,OU=drageideou,DC=drageide,DC=com","02/-","2/3/2026 1:43:45 AM","FAILED: The password does not meet the length, complexity, or history requirement of the domain."
"Tone","Dahl","todah","Tone.Dahl@drageide.com","OU=brukere,OU=users,OU=drageideou,DC=drageide,DC=com","03#!","2/3/2026 1:43:46 AM","FAILED: The password does not meet the length, complexity, or history requirement of the domain."
"Anne","Solberg","ansol","Anne.Solberg@drageide.com","OU=brukere,OU=users,OU=drageideou,DC=drageide,DC=com","79?<","2/3/2026 1:43:46 AM","FAILED: The password does not meet the length, complexity, or history requirement of the domain."
"Bjorn","Berg","bjber","Bjorn.Berg@drageide.com","OU=brukere,OU=users,OU=drageideou,DC=drageide,DC=com","09)+","2/3/2026 1:43:46 AM","FAILED: The password does not meet the length, complexity, or history requirement of the domain."
"Hege","Lie","helie","Hege.Lie@drageide.com","OU=brukere,OU=users,OU=drageideou,DC=drageide,DC=com","28_~","2/3/2026 1:43:46 AM","FAILED: The password does not meet the length, complexity, or history requirement of the domain."
"Martin","Strand","mastr","Martin.Strand@drageide.com","OU=brukere,OU=users,OU=drageideou,DC=drageide,DC=com","49.#","2/3/2026 1:43:46 AM","FAILED: The password does not meet the length, complexity, or history requirement of the domain."
"Silje","Lunde","silun","Silje.Lunde@drageide.com","OU=brukere,OU=users,OU=drageideou,DC=drageide,DC=com","06/#","2/3/2026 1:43:46 AM","FAILED: The password does not meet the length, complexity, or history requirement of the domain."
"Jonas","Moen","jomoe","Jonas.Moen@drageide.com","OU=brukere,OU=users,OU=drageideou,DC=drageide,DC=com","05;*","2/3/2026 1:43:46 AM","FAILED: The password does not meet the length, complexity, or history requirement of the domain."
"Thea","Aas","thaas","Thea.Aas@drageide.com","OU=brukere,OU=users,OU=drageideou,DC=drageide,DC=com","14$]","2/3/2026 1:43:46 AM","FAILED: The password does not meet the length, complexity, or history requirement of the domain."
"Emil","Myklebust","emmyk","Emil.Myklebust@drageide.com","OU=brukere,OU=users,OU=drageideou,DC=drageide,DC=com","61"">","2/3/2026 1:43:46 AM","FAILED: The password does not meet the length, complexity, or history requirement of the domain."
"Ida","Haugland","idhau","Ida.Haugland@drageide.com","OU=it,OU=users,OU=drageideou,DC=drageide,DC=com","72-{","2/3/2026 1:43:46 AM","FAILED: The password does not meet the length, complexity, or history requirement of the domain."
"Stian","Evensen","steve","Stian.Evensen@drageide.com","OU=brukere,OU=users,OU=drageideou,DC=drageide,DC=com","87&^","2/3/2026 1:43:46 AM","FAILED: The password does not meet the length, complexity, or history requirement of the domain."
"Vilde","Knutsen","viknu","Vilde.Knutsen@drageide.com","OU=brukere,OU=users,OU=drageideou,DC=drageide,DC=com","15\;","2/3/2026 1:43:46 AM","FAILED: The password does not meet the length, complexity, or history requirement of the domain."
"Thomas","Arnesen","tharn","Thomas.Arnesen@drageide.com","OU=brukere,OU=users,OU=drageideou,DC=drageide,DC=com","84[|","2/3/2026 1:43:46 AM","FAILED: The password does not meet the length, complexity, or history requirement of the domain."
"Malin","Holm","mahol","Malin.Holm@drageide.com","OU=brukere,OU=users,OU=drageideou,DC=drageide,DC=com","57/\","2/3/2026 1:43:46 AM","FAILED: The password does not meet the length, complexity, or history requirement of the domain."
"Henrik","Nygaard","henyg","Henrik.Nygaard@drageide.com","OU=brukere,OU=users,OU=drageideou,DC=drageide,DC=com","46).","2/3/2026 1:43:47 AM","FAILED: The password does not meet the length, complexity, or history requirement of the domain."
"Hedda","Sørensen","hesør","Hedda.Sørensen@drageide.com","OU=brukere,OU=users,OU=drageideou,DC=drageide,DC=com","86]}","2/3/2026 1:43:47 AM","FAILED: The password does not meet the length, complexity, or history requirement of the domain."
"Daniel","Andreassen","daand","Daniel.Andreassen@drageide.com","OU=brukere,OU=users,OU=drageideou,DC=drageide,DC=com","35:{","2/3/2026 1:43:47 AM","FAILED: The password does not meet the length, complexity, or history requirement of the domain."
"Frida","Paulsen","frpau","Frida.Paulsen@drageide.com","OU=brukere,OU=users,OU=drageideou,DC=drageide,DC=com","52-@","2/3/2026 1:43:47 AM","FAILED: The password does not meet the length, complexity, or history requirement of the domain."
"Anders","Moe","anmoe","Anders.Moe@drageide.com","OU=brukere,OU=users,OU=drageideou,DC=drageide,DC=com","34:)","2/3/2026 1:43:47 AM","FAILED: The password does not meet the length, complexity, or history requirement of the domain."
"Line","Antonsen","liant","Line.Antonsen@drageide.com","OU=brukere,OU=users,OU=drageideou,DC=drageide,DC=com","28?;","2/3/2026 1:43:47 AM","FAILED: The password does not meet the length, complexity, or history requirement of the domain."
"Erik","Fredriksen","erfre","Erik.Fredriksen@drageide.com","OU=brukere,OU=users,OU=drageideou,DC=drageide,DC=com","20@+","2/3/2026 1:43:47 AM","FAILED: The password does not meet the length, complexity, or history requirement of the domain."
"Solveig","Mikkelsen","somik","Solveig.Mikkelsen@drageide.com","OU=brukere,OU=users,OU=drageideou,DC=drageide,DC=com","19*<","2/3/2026 1:43:47 AM","FAILED: The password does not meet the length, complexity, or history requirement of the domain."
"Kristian","Myhre","krmyh","Kristian.Myhre@drageide.com","OU=brukere,OU=users,OU=drageideou,DC=drageide,DC=com","49;]","2/3/2026 1:43:47 AM","FAILED: The password does not meet the length, complexity, or history requirement of the domain."
"Astrid","Lund","aslun","Astrid.Lund@drageide.com","OU=brukere,OU=users,OU=drageideou,DC=drageide,DC=com","42'{","2/3/2026 1:43:47 AM","FAILED: The password does not meet the length, complexity, or history requirement of the domain."
"Jørgen","Bakke","jøbak","Jørgen.Bakke@drageide.com","OU=brukere,OU=users,OU=drageideou,DC=drageide,DC=com","25:<","2/3/2026 1:43:47 AM","FAILED: The password does not meet the length, complexity, or history requirement of the domain."
"Nora","Hermansen","noher","Nora.Hermansen@drageide.com","OU=it,OU=users,OU=drageideou,DC=drageide,DC=com","87}@","2/3/2026 1:43:47 AM","FAILED: The password does not meet the length, complexity, or history requirement of the domain."
"Sondre","Amundsen","soamu","Sondre.Amundsen@drageide.com","OU=brukere,OU=users,OU=drageideou,DC=drageide,DC=com","79?/","2/3/2026 1:43:47 AM","FAILED: The password does not meet the length, complexity, or history requirement of the domain."
"Elise","Thorsen","eltho","Elise.Thorsen@drageide.com","OU=brukere,OU=users,OU=drageideou,DC=drageide,DC=com","26:+","2/3/2026 1:43:47 AM","FAILED: The password does not meet the length, complexity, or history requirement of the domain."
"Markus","Dalen","madal","Markus.Dalen@drageide.com","OU=brukere,OU=users,OU=drageideou,DC=drageide,DC=com","75|@","2/3/2026 1:43:48 AM","FAILED: The password does not meet the length, complexity, or history requirement of the domain."
"Helene","Isaksen","heisa","Helene.Isaksen@drageide.com","OU=brukere,OU=users,OU=drageideou,DC=drageide,DC=com","80](","2/3/2026 1:43:48 AM","FAILED: The password does not meet the length, complexity, or history requirement of the domain."
"Vegard","Abrahamsen","veabr","Vegard.Abrahamsen@drageide.com","OU=brukere,OU=users,OU=drageideou,DC=drageide,DC=com","95~`","2/3/2026 1:43:48 AM","FAILED: The password does not meet the length, complexity, or history requirement of the domain."
"Marte","Rasmussen","maras","Marte.Rasmussen@drageide.com","OU=brukere,OU=users,OU=drageideou,DC=drageide,DC=com","09<.","2/3/2026 1:43:48 AM","FAILED: The password does not meet the length, complexity, or history requirement of the domain."
"Even","Haugestad","evhau","Even.Haugestad@drageide.com","OU=brukere,OU=users,OU=drageideou,DC=drageide,DC=com","87$<","2/3/2026 1:43:48 AM","FAILED: The password does not meet the length, complexity, or history requirement of the domain."
"Tuva","Holmen","tuhol","Tuva.Holmen@drageide.com","OU=brukere,OU=users,OU=drageideou,DC=drageide,DC=com","59<]","2/3/2026 1:43:48 AM","FAILED: The password does not meet the length, complexity, or history requirement of the domain."
"Peder","Skaug","peska","Peder.Skaug@drageide.com","OU=brukere,OU=users,OU=drageideou,DC=drageide,DC=com","41=#","2/3/2026 1:43:48 AM","FAILED: The password does not meet the length, complexity, or history requirement of the domain."
"Agnes","Breivik","agbre","Agnes.Breivik@drageide.com","OU=brukere,OU=users,OU=drageideou,DC=drageide,DC=com","09!.","2/3/2026 1:43:48 AM","FAILED: The password does not meet the length, complexity, or history requirement of the domain."
"Simen","Gran","sigra","Simen.Gran@drageide.com","OU=brukere,OU=users,OU=drageideou,DC=drageide,DC=com","03(-","2/3/2026 1:43:48 AM","FAILED: The password does not meet the length, complexity, or history requirement of the domain."
"Selma","Hagen","sehag","Selma.Hagen@drageide.com","OU=it,OU=users,OU=drageideou,DC=drageide,DC=com","39{\","2/3/2026 1:43:48 AM","FAILED: The password does not meet the length, complexity, or history requirement of the domain."
"Arne","Solheim","arsol","Arne.Solheim@drageide.com","OU=brukere,OU=users,OU=drageideou,DC=drageide,DC=com","58*-","2/3/2026 1:43:48 AM","FAILED: The password does not meet the length, complexity, or history requirement of the domain."
